{
  "approach": "container-docker",
  "mode": "idle",
  "num_agents": 1,
  "run_id": "dfd41b0199e5",
  "rng_seed": 42,
  "baseline_mib": 6841.63046875,
  "steady_state_mean_mib": 234.33229825949365,
  "peak_mib": 307.90078125000036,
  "p50_mib": 251.72890625000036,
  "p95_mib": 288.98671875000036,
  "p99_mib": 304.88906250000036,
  "avg_workers": 0.0,
  "per_agent_mean_mib": 234.33229825949365,
  "drift_kb_per_s": 2263.55,
  "total_samples": 109,
  "steady_state_samples": 79,
  "daemon_overhead": {
    "dockerd": {
      "mean_rss_mib": 120.67973694620254,
      "mean_pss_mib": 118.13883257515823,
      "baseline_rss_mib": 120.86328125,
      "baseline_pss_mib": 118.3251953125,
      "delta_rss_mib": -0.18354430379746134,
      "delta_pss_mib": -0.18636273734176712
    },
    "containerd": {
      "mean_rss_mib": 67.24574762658227,
      "mean_pss_mib": 65.6902442642405,
      "baseline_rss_mib": 65.21484375,
      "baseline_pss_mib": 63.662109375,
      "delta_rss_mib": 2.030903876582272,
      "delta_pss_mib": 2.028134889240505
    }
  },
  "total_workers_spawned": 0,
  "max_concurrent_workers": 0,
  "host_cpu_pct": 0.4,
  "per_agent_cpu_s": 0.0,
  "daemon_cpu": {
    "containerd": {
      "cpu_s": 0.1
    },
    "dockerd": {
      "cpu_s": 0.4
    }
  },
  "swap": {
    "pswpin_delta": 0,
    "pswpout_delta": 0,
    "swap_occurred": false
  },
  "checkin_validation": {
    "agents_checked": 1,
    "agents_missing_summary": 0,
    "total_spawned": 0,
    "total_checkins": 0,
    "per_agent": {
      "agent-0": {
        "spawned": 0,
        "checkins": 0,
        "ok": true
      }
    },
    "all_ok": true
  }
}