{
  "approach": "hybrid-firecracker",
  "mode": "idle",
  "num_agents": 1,
  "run_id": "184ef66d2f70",
  "rng_seed": 42,
  "baseline_mib": 3597.0857319078946,
  "steady_state_mean_mib": 194.6521153143276,
  "peak_mib": 302.89473684210543,
  "p50_mib": 191.92208059210543,
  "p95_mib": 248.22286184210543,
  "p99_mib": 268.65645559210543,
  "avg_workers": 0.0,
  "per_agent_mean_mib": 194.6521153143276,
  "drift_kb_per_s": -336.57,
  "total_samples": 139,
  "steady_state_samples": 99,
  "daemon_overhead": {
    "dockerd": {
      "mean_rss_mib": 101.2935211489899,
      "mean_pss_mib": 98.48938604797979,
      "baseline_rss_mib": 99.76953125,
      "baseline_pss_mib": 96.9677734375,
      "delta_rss_mib": 1.5239898989898961,
      "delta_pss_mib": 1.5216126104797922
    },
    "containerd": {
      "mean_rss_mib": 63.36770044191919,
      "mean_pss_mib": 61.944552951388886,
      "baseline_rss_mib": 59.640625,
      "baseline_pss_mib": 58.2197265625,
      "delta_rss_mib": 3.7270754419191903,
      "delta_pss_mib": 3.7248263888888857
    }
  },
  "total_workers_spawned": 0,
  "max_concurrent_workers": 0,
  "host_cpu_pct": 0.4,
  "per_agent_cpu_s": 0.0,
  "daemon_cpu": {
    "containerd": {
      "cpu_s": 0.6
    },
    "dockerd": {
      "cpu_s": 0.8
    }
  },
  "swap": {
    "pswpin_delta": 0,
    "pswpout_delta": 0,
    "swap_occurred": false
  },
  "checkin_validation": {
    "agents_checked": 1,
    "agents_missing_summary": 0,
    "total_spawned": 0,
    "total_checkins": 0,
    "per_agent": {
      "agent-0": {
        "spawned": 0,
        "checkins": 0,
        "ok": true
      }
    },
    "all_ok": true
  }
}