{
  "approach": "container-sysbox-dind",
  "mode": "plateau",
  "num_agents": 5,
  "run_id": "196de15ccb2a",
  "rng_seed": 42,
  "baseline_mib": 7454.710582386364,
  "steady_state_mean_mib": 7231.75514286253,
  "peak_mib": 13682.098011363636,
  "p50_mib": 8276.887073863636,
  "p95_mib": 13607.113636363636,
  "p99_mib": 13649.625355113636,
  "avg_workers": 12.58849557522124,
  "per_agent_mean_mib": 1446.351028572506,
  "drift_kb_per_s": 42838.07,
  "total_samples": 360,
  "steady_state_samples": 226,
  "daemon_overhead": {
    "dockerd": {
      "mean_rss_mib": 126.09005116150442,
      "mean_pss_mib": 123.5440446971792,
      "baseline_rss_mib": 135.61328125,
      "baseline_pss_mib": 133.07475142045453,
      "delta_rss_mib": -9.52323008849558,
      "delta_pss_mib": -9.53070672327533
    },
    "containerd": {
      "mean_rss_mib": 69.6185529590708,
      "mean_pss_mib": 68.0579110204646,
      "baseline_rss_mib": 86.02734375,
      "baseline_pss_mib": 84.47443181818181,
      "delta_rss_mib": -16.408790790929203,
      "delta_pss_mib": -16.41652079771721
    },
    "sysbox-fs": {
      "mean_rss_mib": 35.303477599557525,
      "mean_pss_mib": 35.25684457964602,
      "baseline_rss_mib": 45.5703125,
      "baseline_pss_mib": 45.56640625,
      "delta_rss_mib": -10.266834900442475,
      "delta_pss_mib": -10.309561670353979
    },
    "sysbox-mgr": {
      "mean_rss_mib": 23.18253940818584,
      "mean_pss_mib": 23.17863315818584,
      "baseline_rss_mib": 24.08984375,
      "baseline_pss_mib": 24.0859375,
      "delta_rss_mib": -0.9073043418141609,
      "delta_pss_mib": -0.9073043418141609
    }
  },
  "total_workers_spawned": 25,
  "max_concurrent_workers": 5,
  "host_cpu_pct": 0.6,
  "per_agent_cpu_s": 0.7,
  "daemon_cpu": {
    "containerd": {
      "cpu_s": 0.8
    },
    "dockerd": {
      "cpu_s": 4.4
    },
    "sysbox-fs": {
      "cpu_s": 7.4
    },
    "sysbox-mgr": {
      "cpu_s": 1.8
    }
  },
  "swap": {
    "pswpin_delta": 0,
    "pswpout_delta": 0,
    "swap_occurred": false
  },
  "checkin_validation": {
    "agents_checked": 5,
    "agents_missing_summary": 0,
    "total_spawned": 25,
    "total_checkins": 25,
    "per_agent": {
      "agent-0": {
        "spawned": 5,
        "checkins": 5,
        "ok": true,
        "summary_spawned": 5,
        "summary_checkins": 5,
        "summary_ok": true
      },
      "agent-1": {
        "spawned": 5,
        "checkins": 5,
        "ok": true,
        "summary_spawned": 5,
        "summary_checkins": 5,
        "summary_ok": true
      },
      "agent-2": {
        "spawned": 5,
        "checkins": 5,
        "ok": true,
        "summary_spawned": 5,
        "summary_checkins": 5,
        "summary_ok": true
      },
      "agent-3": {
        "spawned": 5,
        "checkins": 5,
        "ok": true,
        "summary_spawned": 5,
        "summary_checkins": 5,
        "summary_ok": true
      },
      "agent-4": {
        "spawned": 5,
        "checkins": 5,
        "ok": true,
        "summary_spawned": 5,
        "summary_checkins": 5,
        "summary_ok": true
      }
    },
    "all_ok": true
  },
  "spawn_latency": {
    "total": {
      "count": 25,
      "min": 733.4,
      "mean": 841.3,
      "p50": 846.4,
      "p95": 917.2,
      "p99": 917.2,
      "max": 919.5
    },
    "create": {
      "count": 25,
      "min": 63.9,
      "mean": 81.8,
      "p50": 76.4,
      "p95": 106.7,
      "p99": 107.0,
      "max": 114.0
    },
    "start": {
      "count": 25,
      "min": 659.9,
      "mean": 759.5,
      "p50": 770.9,
      "p95": 814.5,
      "p99": 827.6,
      "max": 836.1
    },
    "cold_start": {
      "count": 25,
      "min": 500.5,
      "mean": 601.4,
      "p50": 603.8,
      "p95": 622.6,
      "p99": 625.6,
      "max": 634.3
    }
  },
  "plateau": {
    "workers_per_agent": [
      0,
      1,
      2,
      3,
      4,
      5
    ],
    "hold_s": 60,
    "settle_s": 20,
    "points": [
      {
        "workers_per_agent": 0,
        "samples": 55,
        "steady_samples": 37,
        "mean_net_mib": 881.322,
        "peak_net_mib": 1028.161,
        "mean_active_workers": 0.0,
        "delta_active_workers": 0.0,
        "delta_net_mib": 0.0
      },
      {
        "workers_per_agent": 1,
        "samples": 55,
        "steady_samples": 38,
        "mean_net_mib": 3382.964,
        "peak_net_mib": 3532.871,
        "mean_active_workers": 5.0,
        "delta_active_workers": 5.0,
        "delta_net_mib": 2501.642
      },
      {
        "workers_per_agent": 2,
        "samples": 55,
        "steady_samples": 37,
        "mean_net_mib": 5847.887,
        "peak_net_mib": 5945.723,
        "mean_active_workers": 10.0,
        "delta_active_workers": 10.0,
        "delta_net_mib": 4966.565
      },
      {
        "workers_per_agent": 3,
        "samples": 56,
        "steady_samples": 37,
        "mean_net_mib": 8360.224,
        "peak_net_mib": 8441.039,
        "mean_active_workers": 15.0,
        "delta_active_workers": 15.0,
        "delta_net_mib": 7478.902
      },
      {
        "workers_per_agent": 4,
        "samples": 58,
        "steady_samples": 39,
        "mean_net_mib": 11045.639,
        "peak_net_mib": 11129.571,
        "mean_active_workers": 20.0,
        "delta_active_workers": 20.0,
        "delta_net_mib": 10164.317
      },
      {
        "workers_per_agent": 5,
        "samples": 56,
        "steady_samples": 38,
        "mean_net_mib": 13598.291,
        "peak_net_mib": 13682.098,
        "mean_active_workers": 25.0,
        "delta_active_workers": 25.0,
        "delta_net_mib": 12716.969
      }
    ],
    "zero_point_per_agent_mib": 176.264,
    "first_worker_tax_mib": 500.328,
    "steady_worker_mib": 518.733,
    "worker_fit_r2": 0.9998,
    "steady_samples": 226
  }
}