{
  "approach": "container-sysbox-dind",
  "mode": "idle",
  "num_agents": 1,
  "run_id": "8a77e4a7212b",
  "rng_seed": 42,
  "baseline_mib": 7650.613932291667,
  "steady_state_mean_mib": 225.81695713141016,
  "peak_mib": 270.17903645833303,
  "p50_mib": 220.81966145833303,
  "p95_mib": 257.52669270833303,
  "p99_mib": 263.93294270833303,
  "avg_workers": 0.0,
  "per_agent_mean_mib": 225.81695713141016,
  "drift_kb_per_s": -199.81,
  "total_samples": 89,
  "steady_state_samples": 65,
  "daemon_overhead": {
    "dockerd": {
      "mean_rss_mib": 138.09861778846152,
      "mean_pss_mib": 135.55919471153845,
      "baseline_rss_mib": 138.34375,
      "baseline_pss_mib": 135.80647786458334,
      "delta_rss_mib": -0.24513221153847553,
      "delta_pss_mib": -0.24728315304489001
    },
    "containerd": {
      "mean_rss_mib": 86.52830528846154,
      "mean_pss_mib": 84.9744140625,
      "baseline_rss_mib": 87.00390625,
      "baseline_pss_mib": 85.45198567708333,
      "delta_rss_mib": -0.4756009615384613,
      "delta_pss_mib": -0.47757161458332575
    },
    "sysbox-fs": {
      "mean_rss_mib": 29.90234375,
      "mean_pss_mib": 29.8984375,
      "baseline_rss_mib": 24.55078125,
      "baseline_pss_mib": 24.546875,
      "delta_rss_mib": 5.3515625,
      "delta_pss_mib": 5.3515625
    },
    "sysbox-mgr": {
      "mean_rss_mib": 21.828125,
      "mean_pss_mib": 21.82421875,
      "baseline_rss_mib": 21.09375,
      "baseline_pss_mib": 21.08984375,
      "delta_rss_mib": 0.734375,
      "delta_pss_mib": 0.734375
    }
  },
  "total_workers_spawned": 0,
  "max_concurrent_workers": 0,
  "host_cpu_pct": 0.4,
  "per_agent_cpu_s": 0.1,
  "daemon_cpu": {
    "containerd": {
      "cpu_s": 0.1
    },
    "dockerd": {
      "cpu_s": 0.2
    },
    "sysbox-fs": {
      "cpu_s": 0.0
    },
    "sysbox-mgr": {
      "cpu_s": 0.3
    }
  },
  "swap": {
    "pswpin_delta": 0,
    "pswpout_delta": 0,
    "swap_occurred": false
  },
  "checkin_validation": {
    "agents_checked": 1,
    "agents_missing_summary": 0,
    "total_spawned": 0,
    "total_checkins": 0,
    "per_agent": {
      "agent-0": {
        "spawned": 0,
        "checkins": 0,
        "ok": true
      }
    },
    "all_ok": true
  }
}