{
  "approach": "container-sysbox-dind",
  "mode": "plateau",
  "num_agents": 5,
  "run_id": "b80f7cbf4e01",
  "rng_seed": 42,
  "baseline_mib": 3685.4034288194443,
  "steady_state_mean_mib": 7360.942999449527,
  "peak_mib": 13822.721571180555,
  "p50_mib": 8486.959852430555,
  "p95_mib": 13791.409071180555,
  "p99_mib": 13817.557508680555,
  "avg_workers": 12.588075880758808,
  "per_agent_mean_mib": 1472.1885998899054,
  "drift_kb_per_s": 43059.4,
  "total_samples": 592,
  "steady_state_samples": 369,
  "daemon_overhead": {
    "dockerd": {
      "mean_rss_mib": 101.17515667344173,
      "mean_pss_mib": 98.36550696561653,
      "baseline_rss_mib": 100.6796875,
      "baseline_pss_mib": 97.876953125,
      "delta_rss_mib": 0.4954691734417338,
      "delta_pss_mib": 0.4885538406165324
    },
    "containerd": {
      "mean_rss_mib": 61.651041666666664,
      "mean_pss_mib": 60.223280826558266,
      "baseline_rss_mib": 65.14453125,
      "baseline_pss_mib": 63.7236328125,
      "delta_rss_mib": -3.4934895833333357,
      "delta_pss_mib": -3.500351985941734
    },
    "sysbox-fs": {
      "mean_rss_mib": 28.72729293699187,
      "mean_pss_mib": 28.72338668699187,
      "baseline_rss_mib": 34.50390625,
      "baseline_pss_mib": 34.5,
      "delta_rss_mib": -5.776613313008131,
      "delta_pss_mib": -5.776613313008131
    },
    "sysbox-mgr": {
      "mean_rss_mib": 22.06347391598916,
      "mean_pss_mib": 22.05956766598916,
      "baseline_rss_mib": 22.48046875,
      "baseline_pss_mib": 22.4765625,
      "delta_rss_mib": -0.4169948340108398,
      "delta_pss_mib": -0.4169948340108398
    }
  },
  "total_workers_spawned": 25,
  "max_concurrent_workers": 5,
  "host_cpu_pct": 0.6,
  "per_agent_cpu_s": 0.4,
  "daemon_cpu": {
    "containerd": {
      "cpu_s": 0.3
    },
    "dockerd": {
      "cpu_s": 2.6
    },
    "sysbox-fs": {
      "cpu_s": 2.6
    },
    "sysbox-mgr": {
      "cpu_s": 0.0
    }
  },
  "swap": {
    "pswpin_delta": 0,
    "pswpout_delta": 0,
    "swap_occurred": false
  },
  "checkin_validation": {
    "agents_checked": 5,
    "agents_missing_summary": 0,
    "total_spawned": 25,
    "total_checkins": 25,
    "per_agent": {
      "agent-0": {
        "spawned": 5,
        "checkins": 5,
        "ok": true,
        "summary_spawned": 5,
        "summary_checkins": 5,
        "summary_ok": true
      },
      "agent-1": {
        "spawned": 5,
        "checkins": 5,
        "ok": true,
        "summary_spawned": 5,
        "summary_checkins": 5,
        "summary_ok": true
      },
      "agent-2": {
        "spawned": 5,
        "checkins": 5,
        "ok": true,
        "summary_spawned": 5,
        "summary_checkins": 5,
        "summary_ok": true
      },
      "agent-3": {
        "spawned": 5,
        "checkins": 5,
        "ok": true,
        "summary_spawned": 5,
        "summary_checkins": 5,
        "summary_ok": true
      },
      "agent-4": {
        "spawned": 5,
        "checkins": 5,
        "ok": true,
        "summary_spawned": 5,
        "summary_checkins": 5,
        "summary_ok": true
      }
    },
    "all_ok": true
  },
  "spawn_latency": {
    "total": {
      "count": 25,
      "min": 409.2,
      "mean": 474.5,
      "p50": 480.3,
      "p95": 505.7,
      "p99": 509.0,
      "max": 510.4
    },
    "create": {
      "count": 25,
      "min": 46.0,
      "mean": 55.7,
      "p50": 56.0,
      "p95": 59.9,
      "p99": 60.7,
      "max": 61.5
    },
    "start": {
      "count": 25,
      "min": 363.2,
      "mean": 418.8,
      "p50": 426.6,
      "p95": 444.2,
      "p99": 457.4,
      "max": 457.8
    },
    "cold_start": {
      "count": 25,
      "min": 394.1,
      "mean": 404.3,
      "p50": 401.8,
      "p95": 413.5,
      "p99": 416.3,
      "max": 431.5
    }
  },
  "plateau": {
    "workers_per_agent": [
      0,
      1,
      2,
      3,
      4,
      5
    ],
    "hold_s": 60,
    "settle_s": 20,
    "points": [
      {
        "workers_per_agent": 0,
        "samples": 91,
        "steady_samples": 60,
        "mean_net_mib": 1015.131,
        "peak_net_mib": 1125.022,
        "mean_active_workers": 0.0,
        "delta_active_workers": 0.0,
        "delta_net_mib": 0.0
      },
      {
        "workers_per_agent": 1,
        "samples": 92,
        "steady_samples": 61,
        "mean_net_mib": 3444.332,
        "peak_net_mib": 3500.319,
        "mean_active_workers": 5.0,
        "delta_active_workers": 5.0,
        "delta_net_mib": 2429.201
      },
      {
        "workers_per_agent": 2,
        "samples": 92,
        "steady_samples": 62,
        "mean_net_mib": 5962.548,
        "peak_net_mib": 6001.147,
        "mean_active_workers": 10.0,
        "delta_active_workers": 10.0,
        "delta_net_mib": 4947.417
      },
      {
        "workers_per_agent": 3,
        "samples": 93,
        "steady_samples": 62,
        "mean_net_mib": 8565.407,
        "peak_net_mib": 8620.202,
        "mean_active_workers": 15.0,
        "delta_active_workers": 15.0,
        "delta_net_mib": 7550.276
      },
      {
        "workers_per_agent": 4,
        "samples": 92,
        "steady_samples": 62,
        "mean_net_mib": 11129.496,
        "peak_net_mib": 11178.6,
        "mean_active_workers": 20.0,
        "delta_active_workers": 20.0,
        "delta_net_mib": 10114.365
      },
      {
        "workers_per_agent": 5,
        "samples": 93,
        "steady_samples": 62,
        "mean_net_mib": 13780.87,
        "peak_net_mib": 13822.722,
        "mean_active_workers": 25.0,
        "delta_active_workers": 25.0,
        "delta_net_mib": 12765.739
      }
    ],
    "zero_point_per_agent_mib": 203.026,
    "first_worker_tax_mib": 485.84,
    "steady_worker_mib": 520.381,
    "worker_fit_r2": 1.0,
    "steady_samples": 369
  }
}