{
  "approach": "container-sysbox-dind",
  "mode": "plateau",
  "num_agents": 5,
  "run_id": "bb7ac739ae75",
  "rng_seed": 42,
  "baseline_mib": 3912.6447482638887,
  "steady_state_mean_mib": 762.5471131859758,
  "peak_mib": 1000.8161892361113,
  "p50_mib": 734.3591579861113,
  "p95_mib": 959.1247829861113,
  "p99_mib": 984.2029079861113,
  "avg_workers": 12.439024390243903,
  "per_agent_mean_mib": 152.50942263719517,
  "drift_kb_per_s": 776.22,
  "total_samples": 594,
  "steady_state_samples": 369,
  "daemon_overhead": {
    "dockerd": {
      "mean_rss_mib": 101.73202489837398,
      "mean_pss_mib": 98.9224095951897,
      "baseline_rss_mib": 99.68359375,
      "baseline_pss_mib": 96.880859375,
      "delta_rss_mib": 2.0484311483739788,
      "delta_pss_mib": 2.0415502201897056
    },
    "containerd": {
      "mean_rss_mib": 60.42019181910569,
      "mean_pss_mib": 58.99242833248645,
      "baseline_rss_mib": 59.62890625,
      "baseline_pss_mib": 58.20795355902778,
      "delta_rss_mib": 0.791285569105689,
      "delta_pss_mib": 0.784474773458669
    },
    "sysbox-fs": {
      "mean_rss_mib": 28.704215362466126,
      "mean_pss_mib": 28.700309112466126,
      "baseline_rss_mib": 27.20703125,
      "baseline_pss_mib": 27.203125,
      "delta_rss_mib": 1.497184112466126,
      "delta_pss_mib": 1.497184112466126
    },
    "sysbox-mgr": {
      "mean_rss_mib": 21.405508976964768,
      "mean_pss_mib": 21.401602726964768,
      "baseline_rss_mib": 22.23828125,
      "baseline_pss_mib": 22.234375,
      "delta_rss_mib": -0.832772273035232,
      "delta_pss_mib": -0.832772273035232
    }
  },
  "total_workers_spawned": 25,
  "max_concurrent_workers": 5,
  "host_cpu_pct": 0.6,
  "per_agent_cpu_s": 0.4,
  "daemon_cpu": {
    "containerd": {
      "cpu_s": 0.3
    },
    "dockerd": {
      "cpu_s": 2.8
    },
    "sysbox-fs": {
      "cpu_s": 2.6
    },
    "sysbox-mgr": {
      "cpu_s": 0.0
    }
  },
  "swap": {
    "pswpin_delta": 0,
    "pswpout_delta": 0,
    "swap_occurred": false
  },
  "checkin_validation": {
    "agents_checked": 5,
    "agents_missing_summary": 0,
    "total_spawned": 25,
    "total_checkins": 25,
    "per_agent": {
      "agent-0": {
        "spawned": 5,
        "checkins": 5,
        "ok": true,
        "summary_spawned": 5,
        "summary_checkins": 5,
        "summary_ok": true
      },
      "agent-1": {
        "spawned": 5,
        "checkins": 5,
        "ok": true,
        "summary_spawned": 5,
        "summary_checkins": 5,
        "summary_ok": true
      },
      "agent-2": {
        "spawned": 5,
        "checkins": 5,
        "ok": true,
        "summary_spawned": 5,
        "summary_checkins": 5,
        "summary_ok": true
      },
      "agent-3": {
        "spawned": 5,
        "checkins": 5,
        "ok": true,
        "summary_spawned": 5,
        "summary_checkins": 5,
        "summary_ok": true
      },
      "agent-4": {
        "spawned": 5,
        "checkins": 5,
        "ok": true,
        "summary_spawned": 5,
        "summary_checkins": 5,
        "summary_ok": true
      }
    },
    "all_ok": true
  },
  "spawn_latency": {
    "total": {
      "count": 25,
      "min": 417.6,
      "mean": 476.5,
      "p50": 479.3,
      "p95": 521.5,
      "p99": 523.0,
      "max": 525.4
    },
    "create": {
      "count": 25,
      "min": 49.2,
      "mean": 57.8,
      "p50": 57.7,
      "p95": 66.8,
      "p99": 68.4,
      "max": 69.2
    },
    "start": {
      "count": 25,
      "min": 367.0,
      "mean": 418.7,
      "p50": 424.2,
      "p95": 462.8,
      "p99": 464.2,
      "max": 464.6
    },
    "cold_start": {
      "count": 25,
      "min": 207.9,
      "mean": 215.3,
      "p50": 214.6,
      "p95": 222.9,
      "p99": 223.3,
      "max": 224.5
    }
  },
  "plateau": {
    "workers_per_agent": [
      0,
      1,
      2,
      3,
      4,
      5
    ],
    "hold_s": 60,
    "settle_s": 20,
    "points": [
      {
        "workers_per_agent": 0,
        "samples": 93,
        "steady_samples": 62,
        "mean_net_mib": 763.633,
        "peak_net_mib": 954.031,
        "mean_active_workers": 0.0,
        "delta_active_workers": 0.0,
        "delta_net_mib": 0.0
      },
      {
        "workers_per_agent": 1,
        "samples": 93,
        "steady_samples": 62,
        "mean_net_mib": 632.318,
        "peak_net_mib": 718.031,
        "mean_active_workers": 5.0,
        "delta_active_workers": 5.0,
        "delta_net_mib": -131.315
      },
      {
        "workers_per_agent": 2,
        "samples": 93,
        "steady_samples": 62,
        "mean_net_mib": 648.535,
        "peak_net_mib": 690.785,
        "mean_active_workers": 10.0,
        "delta_active_workers": 10.0,
        "delta_net_mib": -115.098
      },
      {
        "workers_per_agent": 3,
        "samples": 92,
        "steady_samples": 61,
        "mean_net_mib": 739.584,
        "peak_net_mib": 785.492,
        "mean_active_workers": 15.0,
        "delta_active_workers": 15.0,
        "delta_net_mib": -24.049
      },
      {
        "workers_per_agent": 4,
        "samples": 92,
        "steady_samples": 61,
        "mean_net_mib": 840.292,
        "peak_net_mib": 864.101,
        "mean_active_workers": 20.0,
        "delta_active_workers": 20.0,
        "delta_net_mib": 76.659
      },
      {
        "workers_per_agent": 5,
        "samples": 92,
        "steady_samples": 61,
        "mean_net_mib": 954.906,
        "peak_net_mib": 1000.816,
        "mean_active_workers": 25.0,
        "delta_active_workers": 25.0,
        "delta_net_mib": 191.273
      }
    ],
    "zero_point_per_agent_mib": 152.727,
    "first_worker_tax_mib": -26.263,
    "steady_worker_mib": 20.396,
    "worker_fit_r2": 0.9973,
    "steady_samples": 369
  }
}