{
  "approach": "container-gvisor-dind",
  "mode": "idle",
  "num_agents": 1,
  "run_id": "fed8d7554211",
  "rng_seed": 42,
  "baseline_mib": 3636.0511924342104,
  "steady_state_mean_mib": 256.7202182379592,
  "peak_mib": 329.8003700657896,
  "p50_mib": 247.2456825657896,
  "p95_mib": 322.4097450657896,
  "p99_mib": 326.9800575657896,
  "avg_workers": 0.0,
  "per_agent_mean_mib": 256.7202182379592,
  "drift_kb_per_s": -2689.01,
  "total_samples": 144,
  "steady_state_samples": 106,
  "daemon_overhead": {
    "dockerd": {
      "mean_rss_mib": 99.92784492924528,
      "mean_pss_mib": 97.11458026238208,
      "baseline_rss_mib": 96.69140625,
      "baseline_pss_mib": 93.869140625,
      "delta_rss_mib": 3.236438679245282,
      "delta_pss_mib": 3.245439637382077
    },
    "containerd": {
      "mean_rss_mib": 58.102520636792455,
      "mean_pss_mib": 56.6774211379717,
      "baseline_rss_mib": 58.0078125,
      "baseline_pss_mib": 56.58203125,
      "delta_rss_mib": 0.09470813679245538,
      "delta_pss_mib": 0.09538988797169878
    }
  },
  "total_workers_spawned": 0,
  "max_concurrent_workers": 0,
  "host_cpu_pct": 0.3,
  "per_agent_cpu_s": 1.9,
  "daemon_cpu": {
    "containerd": {
      "cpu_s": 0.1
    },
    "dockerd": {
      "cpu_s": 0.1
    }
  },
  "swap": {
    "pswpin_delta": 0,
    "pswpout_delta": 0,
    "swap_occurred": false
  },
  "checkin_validation": {
    "agents_checked": 1,
    "agents_missing_summary": 0,
    "total_spawned": 0,
    "total_checkins": 0,
    "per_agent": {
      "agent-0": {
        "spawned": 0,
        "checkins": 0,
        "ok": true
      }
    },
    "all_ok": true
  }
}